Workbook

Sheet Selection
A1: Cable Assembly Name | B1: 2627453-500
C2: Class | D2: Description
A3: Connector P1 | B3: Micro-D 100S | C3: =VLOOKUP(B3,[1]Library!A1:D101,3) -> Connectors D-Sub-SIMS | D3: =VLOOKUP(B3,[1]Library!A1:D101,1) -> Micro-D 100S | J3: Wire Pin Data
A4: Connector P2 | B4: M24308/2-16F_104S HD | C4: =VLOOKUP(B4,[1]Library!A1:D101,3) -> Connectors D-Sub-SIMS | D4: =VLOOKUP(B4,[1]Library!A1:D101,1) -> M24308/2-16F_104S HD | H4: P# | J4: P1 | K4: P2 | M4: P#
A5: Connector P3 | B5: M24308/2-11F_15S HD | C5: =VLOOKUP(B5,[1]Library!A1:D101,3) -> Connectors D-Sub-SIMS | D5: =VLOOKUP(B5,[1]Library!A1:D101,1) -> M24308/2-11F_15S HD | H5: 1 | I5: {=IF(_xlfn.SEQUENCE(B10,1), "|")} -> | | J5: 1 | K5: 8 | L5: {=IF(_xlfn.SEQUENCE(B10,1), "|")} -> | | M5: 3
A6: Connector P4 | B6: M24308/2-11F_15S HD | C6: =VLOOKUP(B6,[1]Library!A1:D101,3) -> Connectors D-Sub-SIMS | D6: =VLOOKUP(B6,[1]Library!A1:D101,1) -> M24308/2-11F_15S HD | H6: 1 | I6: | | J6: 2 | K6: 4 | L6: | | M6: 3
A7: Connector P5 | C7: =VLOOKUP(B7,[1]Library!A1:D101,3) -> #N/A | D7: =VLOOKUP(B7,[1]Library!A1:D101,1) -> #N/A | H7: 1 | I7: | | J7: 3 | K7: 9 | L7: | | M7: 3
H8: 1 | I8: | | J8: 4 | K8: 5 | L8: | | M8: 3
F9: = INPUT DATA HERE | H9: 1 | I9: | | J9: 88 | K9: 2 | L9: | | M9: 3
A10: Number of pins | B10: 16 | H10: 1 | I10: | | J10: 89 | K10: 7 | L10: | | M10: 3
A11: Wire sections | B11: 1 | H11: 1 | I11: | | J11: 91 | K11: 1 | L11: | | M11: 3
H12: 1 | I12: | | J12: 92 | K12: 6 | L12: | | M12: 3
A13: Input wire data below | C13: Number of wires in wire part | D13: Number of wires in subsection | E13: pins | H13: 1 | I13: | | J13: 5 | K13: 8 | L13: | | M13: 4
A14: {=IF(_xlfn.SEQUENCE(B11,1), "Wire Data")} -> Wire Data | B14: Twisted Pair - 26AWG | C14: =VLOOKUP(B14,Library!G2:H197,2) -> 2 | D14: 8 | E14: =D14*C14 -> 16 | H14: 1 | I14: | | J14: 6 | K14: 4 | L14: | | M14: 4
C15: =VLOOKUP(B15,Library!G3:H198,2) -> #N/A | E15: =D15*C15 -> #N/A | F15: Model Check | H15: 1 | I15: | | J15: 7 | K15: 9 | L15: | | M15: 4
C16: =VLOOKUP(B16,Library!G4:H199,2) -> #N/A | E16: =D16*C16 -> #N/A | F16: =IF(SUMIF(E14:E204,"<>#N/A")=B10,"Pass","NUMBER OF WIRES GREATER THAN B6") -> Pass | H16: 1 | I16: | | J16: 8 | K16: 5 | L16: | | M16: 4
C17: =VLOOKUP(B17,Library!G5:H200,2) -> #N/A | E17: =D17*C17 -> #N/A | H17: 1 | I17: | | J17: 23 | K17: 2 | L17: | | M17: 4
C18: =VLOOKUP(B18,Library!G6:H201,2) -> #N/A | E18: =D18*C18 -> #N/A | H18: 1 | I18: | | J18: 24 | K18: 7 | L18: | | M18: 4
C19: =VLOOKUP(B19,Library!G7:H202,2) -> #N/A | E19: =D19*C19 -> #N/A | H19: 1 | I19: | | J19: 25 | K19: 1 | L19: | | M19: 4
C20: =VLOOKUP(B20,Library!G8:H203,2) -> #N/A | E20: =D20*C20 -> #N/A | H20: 1 | I20: | | J20: 26 | K20: 6 | L20: | | M20: 4
C21: =VLOOKUP(B21,Library!G9:H204,2) -> #N/A | E21: =D21*C21 -> #N/A
C22: =VLOOKUP(B22,Library!G10:H205,2) -> #N/A | E22: =D22*C22 -> #N/A
C23: =VLOOKUP(B23,Library!G11:H206,2) -> #N/A | E23: =D23*C23 -> #N/A
C24: =VLOOKUP(B24,Library!G12:H207,2) -> #N/A | E24: =D24*C24 -> #N/A
C25: =VLOOKUP(B25,Library!G13:H208,2) -> #N/A | E25: =D25*C25 -> #N/A
C26: =VLOOKUP(B26,Library!G14:H209,2) -> #N/A | E26: =D26*C26 -> #N/A
C27: =VLOOKUP(B27,Library!G15:H210,2) -> #N/A | E27: =D27*C27 -> #N/A
C28: =VLOOKUP(B28,Library!G16:H211,2) -> #N/A | E28: =D28*C28 -> #N/A
C29: =VLOOKUP(B29,Library!G17:H212,2) -> #N/A | E29: =D29*C29 -> #N/A
C30: =VLOOKUP(B30,Library!G18:H213,2) -> #N/A | E30: =D30*C30 -> #N/A
C31: =VLOOKUP(B31,Library!G19:H214,2) -> #N/A | E31: =D31*C31 -> #N/A
C32: =VLOOKUP(B32,Library!G20:H215,2) -> #N/A | E32: =D32*C32 -> #N/A
... C196: =VLOOKUP(B196,Library!G184:H379,2) -> #N/A | E196: =D196*C196 -> #N/A

Sheet Library
A1: CONNECTOR DATA | B1: Version | C1: class | D1: description | G1: WIRE DATA | H1: Number of wires | I1: Version | J1: class | K1: description
A2: 100P Circular | B2: 1 | C2: Connectors Circular-SIMS | D2: CONNECTOR, JAM NUT RCPT, SERIES 3, 100 CONTACTS | G2: 101-0088746_Cable Assy for I2C QwIICBus_Pin1_BLK | H2: 1 | I2: A | J2: I2C | K2: CABLE ASSEMBLY,FLEXIBLE,FEMALE JUMPER,4 PIN,QWIIC
A3: 100S Circular | B3: 1 | C3: Connectors Circular-SIMS | D3: CONNECTOR, JAM NUT RCPT, SERIES 3, 100 CONTACTS | G3: 101-0088746_Cable Assy for I2C QwIICBus_Pin2_RED | H3: 1 | I3: A | J3: I2C | K3: CABLE ASSEMBLY,FLEXIBLE,FEMALE JUMPER,4 PIN,QWIIC
A4: 104P-HD-PCB | B4: 1 | C4: Connectors D-Sub-SIMS | D4: CONNECTOR, RECTANGULAR, D-SUB, HIGH DENSITY, PCB, PIN, 104 CONTACTS | G4: 101-0088746_Cable Assy for I2C QwIICBus_Pin3_BLU | H4: 1 | I4: A | J4: I2C | K4: CABLE ASSEMBLY,FLEXIBLE,FEMALE JUMPER,4 PIN,QWIIC
A5: 104S-HD-PCB | B5: 1 | C5: Connectors D-Sub-SIMS | D5: CONNECTOR, RECTANGULAR, D-SUB, HIGH DENSITY, PCB, SOCKET, 104 CONTACTS | G5: 101-0088746_Cable Assy for I2C QwIICBus_Pin4_YEL | H5: 1 | I5: A | J5: I2C | K5: CABLE ASSEMBLY,FLEXIBLE,FEMALE JUMPER,4 PIN,QWIIC
A6: 15P-HD-PCB | B6: 1 | C6: Connectors D-Sub-SIMS | D6: CONNECTOR, RECTANGULAR, D-SUB, HIGH DENSITY, PCB, PIN, 15 CONTACTS | G6: 1224 | H6: 1 | I6: 1 | J6: Braids | K6: BRAID, FLAT, 36 AWG, TIN COATED COPPER, 3/32"
A7: 15P-SD-PCB | B7: 1 | C7: Connectors D-Sub-SIMS | D7: CONNECTOR, RECTANGULAR, D-SUB, STANDARD DENSITY, PCB, PIN, 15 CONTACTS | G7: 2000292-019_5.1Mohm Resistor to Term Block | H7: 1 | I7: 1 | J7: Wires-SIMS | K7: RESISTOR,5.1M,0.25W,5%,AXIAL
A8: 15S-HD-PCB | B8: 1 | C8: Connectors D-Sub-SIMS | D8: CONNECTOR, RECTANGULAR, D-SUB, HIGH DENSITY, PCB, RECEPTACLE, 15 CONTACTS | G8: 2204746-260_M27500-26SC2S23_26 AWG STP | H8: 1 | I8: A | J8: Wires-SIMS | K8: CABLE,2 WIRE,26AWG,SHIELDED,XLETFE JACKET
A9: 15S-SD-PCB | B9: 1 | C9: Connectors D-Sub-SIMS | D9: CONNECTOR, RECTANGULAR, D-SUB, STANDARD DENSITY, PCB, PIN, 15 CONTACTS | G9: 2204746-279_24AWG STP_RS422 | H9: 1 | I9: A | J9: Wires-SIMS | K9: CABLE,2 WIRE,24AWG,SHIELDED,XLETFE JACKET
A10: 25P-SD-PCB | B10: 1 | C10: Connectors D-Sub-SIMS | D10: CONNECTOR, RECTANGULAR, D-SUB, STANDARD DENSITY, PCB, PIN, 25 CONTACTS | G10: 2211691-005_DXN2602_24 AWG STP_LVDS | H10: 1 | I10: A | J10: Wires-SIMS | K10: CABLE, 2-CONDUCTOR, SHIELDED,LVDS,DXN2602, 24 AWG
A11: 25S-SD-PCB | B11: 1 | C11: Connectors D-Sub-SIMS | D11: CONNECTOR, RECTANGULAR, D-SUB, STANDARD DENSITY, PCB, RECEPTACLE, 25 CONTACTS | G11: 2211691-007_DXN2603_26 AWG STP_LVDS | H11: 1 | I11: A | J11: Wires-SIMS | K11: CABLE, 2-CONDUCTOR, SHIELDED,LVDS,DXN2603, 26 AWG
A12: 26P-HD-PCB | B12: 1 | C12: Connectors D-Sub-SIMS | D12: CONNECTOR, RECTANGULAR, D-SUB, HIGH DENSITY, PCB, PIN, 26 CONTACTS | G12: 2433891-008_SMA male to SMA male_5ft | H12: 1 | I12: A | J12: Wires-SIMS | K12: CABLE ASSEMBLY,SMA,MALE TO MALE,5 FT,CC174S
A13: 26S-HD-PCB | B13: 1 | C13: Connectors D-Sub-SIMS | D13: CONNECTOR, RECTANGULAR, D-SUB, HIGH DENSITY, PCB, RECEPTACLE, 26 CONTACTS | G13: 2433891-010_SMA male to SMA male_10ft | H13: 1 | I13: A | J13: Wires-SIMS | K13: CABLE ASSEMBLY,SMA,MALE TO MALE,10 FT,CC174S
A14: 311P407-1P-B-12 | B14: 1 | C14: Connectors - SCAU | D14: CONNECTOR, D-SUB,15 PIN | G14: 2601090-010_Etherent Cable Assy_Pin1_White/Orange | H14: 1 | I14: 1 | J14: Wires-SIMS | K14: CABLE ASSY,PATCH,CAT6A,STP,RJ45-RJ45,26AWG,PVC JKT,ORANGE,10 FT
A15: 311P407-1S-B-12 | B15: 1 | C15: Connectors - SCAU | D15: CONNECTOR, D-SUB,15 SOCKET | G15: 2601090-010_Etherent Cable Assy_Pin7_White/Brown | H15: 1 | I15: 1 | J15: Wires-SIMS | K15: CABLE ASSY,PATCH,CAT6A,STP,RJ45-RJ45,26AWG,PVC JKT,ORANGE,10 FT
A16: 311P407-2S-B-12 | B16: 1 | C16: Connectors - SCAU | D16: CONNECTOR,D-SUB,RECEPTACLE,26 SOCKET | G16: 2601090-010_Etherent Cable Assy_Pin8_Brown | H16: 1 | I16: 1 | J16: Wires-SIMS | K16: CABLE ASSY,PATCH,CAT6A,STP,RJ45-RJ45,26AWG,PVC JKT,ORANGE,10 FT
A17: 311P407-3S-B-12 | B17: 1 | C17: Connectors - SCAU | D17: CONNECTOR, D-SUB, 44 SOCKET | G17: 2601090-010_Ethernet Cable Assy_Pin2_Orange | H17: 1 | I17: 1 | J17: Wires-SIMS | K17: CABLE ASSY,PATCH,CAT6A,STP,RJ45-RJ45,26AWG,PVC JKT,ORANGE,10 FT
A18: 311P407-4S-B-12 | B18: 1 | C18: Connectors - SCAU | D18: CONNECTOR, D-SUB, 62 SOCKET | G18: 45125 | H18: 1 | I18: 1 | J18: Cables Multi-Conductor | K18: RS232/RS485, 22AWG, STRANDED, TINNED COPPER, FOIL & BRAIDED SHIELD, 10 CONDUCTOR
A19: 37P-SD-PCB | B19: 1 | C19: Connectors D-Sub-SIMS | D19: CONNECTOR, RECTANGULAR, D-SUB, STANDARD DENSITY, PCB, PIN, 37 CONTACTS | G19: 9618 | H19: 1 | I19: 1 | J19: Cables Multi-Conductor | K19: RS232 CABLE WITH 37 CONDUCTORS
A20: 37S-SD-PCB | B20: 1 | C20: Connectors D-Sub-SIMS | D20: CONNECTOR, RECTANGULAR, D-SUB, STANDARD DENSITY, PCB, RECEPTACLE, 37 CONTACTS | G20: 9934 | H20: 1 | I20: 1 | J20: Cables Multi-Conductor | K20: RS232, 24AWG, STRANDED, TINNED COPPER, FOIL SHIELD, 9 CONDUCTOR
A21: 44P-HD-PCB | B21: 1 | C21: Connectors D-Sub-SIMS | D21: CONNECTOR, RECTANGULAR, D-SUB, HIGH DENSITY, PCB, PIN, 44 CONTACTS | G21: BOB JUMPER | H21: 1 | I21: 1 | J21: Wires-SIMS | K21: CONNECTOR,JUMPER BAR, PUSH-IN TYPE, 2 POS
A22: 44S-HD-PCB | B22: 1 | C22: Connectors D-Sub-SIMS | D22: CONNECTOR, RECTANGULAR, D-SUB, HIGH DENSITY, PCB, RECEPTACLE, 44 CONTACTS | G22: DXN2602 | H22: 1 | I22: 1 | J22: Wires-SIMS | K22: CABLE, 2-CONDUCTOR, SHIELDED,LVDS,DXN2602, 24 AWG
A23: 50P-SD-PCB | B23: 1 | C23: Connectors D-Sub-SIMS | D23: CONNECTOR, RECTANGULAR, D-SUB, STANDARD DENSITY, PCB, PIN, 50 CONTACTS | G23: DXN2602-Twisted-Shielded-Pair-24awg_2211691-005 | H23: 1 | I23: A | J23: Cables Multi-Conductor | K23: CABLE, 2-CONDUCTOR, SHIELDED,LVDS,DXN2602, 24 AWG
A24: 50S-SD-PCB | B24: 1 | C24: Connectors D-Sub-SIMS | D24: CONNECTOR, RECTANGULAR, D-SUB, STANDARD DENSITY, PCB, SOCKET, 50 CONTACTS | G24: Generic_Ethernet_STP | H24: 1 | I24: 1 | J24: Generics | K24: Cables, Ethernet, CAT5, Shielded Twisted Pair
A25: 62P-HD-PCB | B25: 1 | C25: Connectors D-Sub-SIMS | D25: CONNECTOR, RECTANGULAR, D-SUB, HIGH DENSITY, PCB, PIN, 62 CONTACTS | G25: Generic_Ethernet_UTP | H25: 1 | I25: 1 | J25: Generics | K25: Cables, Ethernet, CAT5, Unshielded Twisted Pair
A26: 62S-HD-PCB | B26: 1 | C26: Connectors D-Sub-SIMS | D26: CONNECTOR, RECTANGULAR, D-SUB, HIGH DENSITY, PCB, SOCKET, 62 CONTACTS | G26: K20-3-507 | H26: 1 | I26: 1 | J26: Cables | K26: WIRE, ELECTRICAL, EXTRUDED TFE, SILVER-COATED COPPER, 20 AWG
A27: 78P-HD-PCB | B27: 1 | C27: Connectors D-Sub-SIMS | D27: CONNECTOR, RECTANGULAR, D-SUB, HIGH DENSITY, PCB, PIN, 78 CONTACTS | G27: Lab-Flex 200 | H27: 1 | I27: 1 | J27: Cables RF | K27: COAX, TRIPLE SHIELDED
A28: 78S-HD-PCB | B28: 1 | C28: Connectors D-Sub-SIMS | D28: CONNECTOR, RECTANGULAR, D-SUB, HIGH DENSITY, PCB, SOCKET, 78 CONTACTS | G28: M17/060-RG142 | H28: 1 | I28: 1 | J28: Cables RF | K28: CABLE, RF, FLEXIBLE COAX, 75 OHMS
A29: 9P-SD-PCB | B29: 1 | C29: Connectors D-Sub-SIMS | D29: CONNECTOR, RECTANGULAR, D-SUB, STANDARD DENSITY, PCB, PIN, 9 CONTACTS | G29: M17/110-RG302 | H29: 1 | I29: sys | J29: Cables RF | K29: CABLE, RF, FLEXIBLE COAX, 75 OHMS
A30: 9S-SD-PCB | B30: 1 | C30: Connectors D-Sub-SIMS | D30: CONNECTOR, RECTANGULAR, D-SUB, STANDARD DENSITY, PCB, RECEPTACLE, 9 CONTACTS | G30: M17/111-RG303 | H30: 1 | I30: sys | J30: Cables RF | K30: CABLE, RF, FLEXIBLE COAX, 50 OHMS
A31: ComboD Socket-24 Position-7#8-17#20 | B31: A | C31: Connectors D-Sub-SIMS | D31: CONNECTOR,D-SUB,RECEPT,17#20 SOCKET,7#8 LESS CONTACT,STRAIGHT,DDMM24W7 | G31: M17/113-RG316 | H31: 1 | I31: sys | J31: Cables RF | K31: CABLE, RF, FLEXIBLE COAX, 50 OHMS
A32: ComboD-Pins-7#8-17#20 | B32: A | C32: Connectors D-Sub-SIMS | D32: CONNECTOR,D-SUB,PLUG,17#20 PIN & 7#8 LESS CONTACT,STRAIGHT | G32: M17/119-RG174 | H32: 1 | I32: sys | J32: Cables RF | K32: CABLE, RF, FLEXIBLE COAX, 50 OHMS
A33: GMR7580-15S2BVU | B33: 1 | C33: Connectors - SCAU | D33: PWA CONNECTOR,SEAL,MICRO-D,RECEPTACLE,15 SOCKET,STRAIGHT,GMR7580 | G33: M17/127-RG393 | H33: 1 | I33: sys | J33: Cables RF | K33: CABLE, RF, FLEXIBLE COAX, 50 OHMS
A34: GMR7580-9S2BVU | B34: 1 | C34: Connectors - SCAU | D34: CONNECTOR,MICRO-D,RECEPTACLE,9 SOCKET,STRAIGHT,PCB,GMR7580 | G34: M17/128-RG400 | H34: 1 | I34: sys | J34: Cables RF | K34: CABLE, RF, FLEXIBLE COAX, 50 OHMS
A35: GMR7590-25P2BVU | B35: 1 | C35: Connectors - SCAU | D35: CONNECTOR,MICRO-D,MALE,25 PIN,PCB,RIGHT ANGLE,GMR7590 | G35: M17/130-0002 | H35: 1 | I35: sys | J35: Cables RF | K35: CABLE, RF, SEMIRIGID COAX, 50 OHMS
A36: GMR7590-51P2BVU | B36: 1 | C36: Connectors - SCAU | D36: CONNECTOR,MICRO-D,MALE,51 PIN,PCB,RIGHT ANGLE,GMR7590 | G36: M17/130-0003 | H36: 1 | I36: sys | J36: Cables RF | K36: CABLE, RF, SEMIRIGID COAX, 50 OHMS
A37: GMR7590-9P2BVU | B37: 1 | C37: Connectors - SCAU | D37: CONNECTOR,MICRO-D,MALE,9 PIN,PCB,RIGHT ANGLE,GMR7590 | G37: M17/130-0004 | H37: 1 | I37: sys | J37: Cables RF | K37: CABLE, RF, SEMIRIGID COAX, 50 OHMS
A38: M24308/2-11F_15S HD | B38: 1 | C38: Connectors D-Sub-SIMS | D38: CONNECTOR, RECTANGULAR, MINIATURE, RACK & PANEL, RCPT, CRIMP, 15 CONTACTS | G38: M17/130-RG402 | H38: 1 | I38: sys | J38: Cables RF | K38: CABLE, RF, SEMIRIGID COAX, 50 OHMS
A39: M24308/2-12F_26S HD | B39: 1 | C39: Connectors D-Sub-SIMS | D39: CONNECTOR, RECTANGULAR, MINIATURE, RACK & PANEL, RCPT, CRIMP, 26 CONTACTS | G39: M17/131-RG403 | H39: 1 | I39: sys | J39: Cables RF | K39: CABLE, RF, FLEXIBLE TRIAXIAL COAX, 50 OHMS
A40: M24308/2-13F_44S HD | B40: 1 | C40: Connectors D-Sub-SIMS | D40: CONNECTOR, RECTANGULAR, MINIATURE, RACK & PANEL, RCPT, CRIMP, 44 CONTACTS | G40: M17/133-00001 | H40: 1 | I40: sys | J40: Cables RF | K40: CABLE, RF SEMIRIGID COAX, 50 OHMS
A41: M24308/2-14F_62S HD | B41: 1 | C41: Connectors D-Sub-SIMS | D41: CONNECTOR, RECTANGULAR, MINIATURE, RACK & PANEL, RCPT, CRIMP, 62 CONTACTS | G41: M17/133-000010 | H41: 1 | I41: sys | J41: Cables RF | K41: CABLE, RF SEMIRIGID COAX, 50 OHMS
A42: M24308/2-15F_78S HD | B42: 1 | C42: Connectors D-Sub-SIMS | D42: CONNECTOR, RECTANGULAR, MINIATURE, RACK & PANEL, RCPT, CRIMP, 78 CONTACTS | G42: M17/133-000011 | H42: 1 | I42: sys | J42: Cables RF | K42: CABLE, RF SEMIRIGID COAX, 50 OHMS
A43: M24308/2-15F_78S HD-BCKSHL | B43: 1 | C43: Connectors D-Sub-SIMS | D43: CONNECTOR, RECTANGULAR, MINIATURE, RACK & PANEL, RCPT, CRIMP, 78 CONTACTS WITH BACKSHELL PIN FOR SHIELDS | G43: M17/133-000012 | H43: 1 | I43: sys | J43: Cables RF | K43: CABLE, RF SEMIRIGID COAX, 50 OHMS
A44: M24308/2-16F_104S HD | B44: 1 | C44: Connectors D-Sub-SIMS | D44: CONNECTOR, RECTANGULAR, MINIATURE, RACK & PANEL, RCPT, CRIMP, 104 CONTACTS | G44: M17/133-000013 | H44: 1 | I44: sys | J44: Cables RF | K44: CABLE, RF SEMIRIGID COAX, 50 OHMS
... A67: M39012/55-3009 | B67: 1 | C67: Connectors Coaxial | D67: CONNECTOR, PLUG, COAXIAL, SERIES SMA, PIN, CLASS 2 | G67: M17/94-RG179 | H67: 1 | I67: sys | J67: Cables RF | K67: CABLE, RF, FLEXIBLE COAX, 75 OHMS
A68: M39012/55-3026 | B68: 1 | C68: Connectors Coaxial | D68: CONNECTOR, PLUG, COAXIAL, SERIES SMA, PIN, CLASS 2 | G68: M22759/11-10-9 | H68: 1 | I68: 1 | J68: Wires | K68: WIRE, ELECTRICAL, EXTRUDED TFE, SILVER-COATED COPPER, 10 AWG
A69: M39012/55-4009 | B69: 1 | C69: Connectors Coaxial | D69: CONNECTOR, PLUG, COAXIAL, SERIES SMA, PIN, CLASS 2 | G69: M22759/11-12-0 | H69: 1 | I69: 1 | J69: Wires | K69: WIRE, ELECTRICAL, EXTRUDED TFE, SILVER-COATED COPPER, 12 AWG
A70: M39012/59-3007 | B70: 1 | C70: Connectors Coaxial | D70: CONNECTOR, RECEPTACLE, COAXIAL, SERIES SMA, SOCKET, CLASS 2 | G70: M22759/11-12-0-BLK | H70: 1 | I70: 1 | J70: Wires-SIMS | K70: WIRE, ELECTRICAL, EXTRUDED PTFE, SILVER-COATED COPPER, 12 AWG, BLACK
A71: M39012/59-3009 | B71: 1 | C71: Connectors Coaxial | D71: CONNECTOR, RECEPTACLE, COAXIAL, SERIES SMA, SOCKET, CLASS 2 | G71: M22759/11-12-9 | H71: 1 | I71: 1 | J71: Wires | K71: WIRE, ELECTRICAL, EXTRUDED TFE, SILVER-COATED COPPER, 12 AWG
A72: M39012/59-3026 | B72: 1 | C72: Connectors Coaxial | D72: CONNECTOR, RECEPTACLE, COAXIAL, SERIES SMA, SOCKET, CLASS 2 | G72: M22759/11-12-9-WHT | H72: 1 | I72: 1 | J72: Wires-SIMS | K72: WIRE, ELECTRICAL, EXTRUDED PTFE, SILVER-COATED COPPER, 12 AWG, WHITE
A73: M39012/59-4009 | B73: 1 | C73: Connectors Coaxial | D73: CONNECTOR, RECEPTACLE, COAXIAL, SERIES SMA, SOCKET, CLASS 2 | G73: M22759/11-16-0 | H73: 1 | I73: 1 | J73: Wires | K73: WIRE, ELECTRICAL, EXTRUDED TFE, SILVER-COATED COPPER, 16 AWG
A74: Micro-D 100P | B74: 1 | C74: Connectors D-Sub-SIMS | D74: Micro-D 100P | G74: M22759/11-16-0-BLK | H74: 1 | I74: 1 | J74: Wires-SIMS | K74: WIRE, ELECTRICAL, EXTRUDED PTFE, SILVER-COATED COPPER, 16 AWG, BLACK
A75: Micro-D 100P PCB | B75: 1 | C75: Connectors D-Sub-SIMS | D75: CONNECTOR, RECTANGULAR, MICRO-D, PCB, PINS, 100 CONTACTS | G75: M22759/11-16-5 | H75: 1 | I75: 1 | J75: Wires | K75: WIRE, ELECTRICAL, EXTRUDED PTFE, SILVER-COATED COPPER, 16 AWG, GREEN
A76: Micro-D 100S | B76: 1 | C76: Connectors D-Sub-SIMS | D76: Micro-D 100S | G76: M22759/11-16-5-GRN | H76: 1 | I76: 1 | J76: Wires-SIMS | K76: WIRE, ELECTRICAL, EXTRUDED PTFE, SILVER-COATED COPPER, 16 AWG, GREEN
A77: Micro-D 100S PCB | B77: 1 | C77: Connectors D-Sub-SIMS | D77: CONNECTOR, RECTANGULAR, MICRO-D, PCB, SOCKET, 100 CONTACTS | G77: M22759/11-16-9 | H77: 1 | I77: 1 | J77: Wires | K77: WIRE, ELECTRICAL, EXTRUDED PTFE, SILVER-COATED COPPER, 16 AWG, WHITE
A78: Micro-D 15P | B78: 1 | C78: Connectors D-Sub-SIMS | D78: Micro-D 15P | G78: M22759/11-16-9-WHT | H78: 1 | I78: 1 | J78: Wires-SIMS | K78: WIRE, ELECTRICAL, EXTRUDED PTFE, SILVER-COATED COPPER, 16 AWG, WHITE
A79: Micro-D 15S | B79: 1 | C79: Connectors D-Sub-SIMS | D79: Micro-D 15S | G79: M22759/11-20-0 | H79: 1 | I79: 1 | J79: Wires | K79: WIRE, ELECTRICAL, EXTRUDED TFE, SILVER-COATED COPPER, 20 AWG
... A101: VHDCI 68S PCB | B101: 1 | C101: Connectors VHDCI-SCSI | D101: CONNECTO, VHDCI, PCB, SOCKET, 68 CONTACTS | G101: M22759/11-24-6 | H101: 1 | I101: 1 | J101: Wires | K101: WIRE, ELECTRICAL, EXTRUDED TFE, SILVER-COATED COPPER, 24 AWG
G102: M22759/11-24-7 | H102: 1 | I102: 1 | J102: Wires | K102: WIRE, ELECTRICAL, EXTRUDED TFE, SILVER-COATED COPPER, 24 AWG
G103: M22759/11-24-8 | H103: 1 | I103: 1 | J103: Wires | K103: WIRE, ELECTRICAL, EXTRUDED TFE, SILVER-COATED COPPER, 24 AWG
G104: M22759/11-24-9 | H104: 1 | I104: 1 | J104: Wires | K104: WIRE, ELECTRICAL, EXTRUDED TFE, SILVER-COATED COPPER, 24 AWG
G105: M22759/11-26-0 | H105: 1 | I105: 1 | J105: Wires | K105: WIRE, ELECTRICAL, EXTRUDED TFE, SILVER-COATED COPPER, 26 AWG
G106: M22759/11-26-9-WHT | H106: 1 | I106: 1 | J106: Wires-SIMS | K106: WIRE, ELECTRICAL, EXTRUDED PTFE, SILVER-COATED COPPER, 26 AWG, WHITE
G107: M22759/16-14-9 | H107: 1 | I107: 1 | J107: Wires | K107: WIRE, ELECTRICAL, EXTRUDED ETFE, TIN-COATED COPPER, 14 AWG
G108: M22759/16-16=-9 | H108: 1 | I108: 1 | J108: Wires | K108: WIRE, ELECTRICAL, EXTRUDED ETFE, TIN-COATED COPPER, 16 AWG
G109: M22759/16-18-9 | H109: 1 | I109: 1 | J109: Wires | K109: WIRE, ELECTRICAL, EXTRUDED ETFE, TIN-COATED COPPER, 18 AWG
G110: M22759/16-20-9 | H110: 1 | I110: 1 | J110: Wires | K110: WIRE, ELECTRICAL, EXTRUDED ETFE, TIN-COATED COPPER, 20 AWG
G111: M22759/16-22-9 | H111: 1 | I111: 1 | J111: Wires | K111: WIRE, ELECTRICAL, EXTRUDED ETFE, TIN-COATED COPPER, 22 AWG
G112: M22759/34-20-9 | H112: 1 | I112: 1 | J112: Wires | K112: WIRE, ELECTRICAL, FLUORPOLYMER-INSULATED, ETFE, TIN-COATED COPPER, 20 AWG
G113: M22759/34-22-0 | H113: 1 | I113: 1 | J113: Wires | K113: WIRE, ELECTRICAL, FLUORPOLYMER-INSULATED, ETFE, TIN-COATED COPPER, 22 AWG
... G126: M22759/44-26-9 | H126: 1 | I126: 1 | J126: Wires | K126: WIRE, ELECTRICAL, CROSSLINKED MODIFIED ETFE, SILVER-COATED COPPER, 26 AWG
G127: M24640/15-01UO | H127: 1 | I127: sys | J127: Cables Multi-Conductor | K127: CABLE, ELECTRICAL, 600 VOLTS, TYPE 2XSAOW-3, 22 AWG
G128: M24640/15-02UO | H128: 1 | I128: sys | J128: Cables Multi-Conductor | K128: CABLE, ELECTRICAL, 600 VOLTS, TYPE 2XSAOW-7, 22 AWG
G129: M27500-12LE2S03 | H129: 1 | I129: sys | J129: Cables Multi-Conductor | K129: CABLE, ELECTRICAL, SHIELDED TWISTED PAIR, SILVER-COATED SHIELD, 12 AWG
G130: M27500-12LE2S09 | H130: 1 | I130: sys | J130: Cables Multi-Conductor | K130: CABLE, ELECTRICAL, SHIELDED TWISTED PAIR, SILVER-COATED SHIELD, 12 AWG
G131: M27500-12LE2S14 | H131: 1 | I131: sys | J131: Cables Multi-Conductor | K131: CABLE, ELECTRICAL, SHIELDED TWISTED PAIR, SILVER-COATED SHIELD, 12 AWG
G132: M27500-12LE2S23 | H132: 1 | I132: sys | J132: Cables Multi-Conductor | K132: CABLE, ELECTRICAL, SHIELDED TWISTED PAIR, SILVER-COATED SHIELD, 12 AWG
G133: M27500-12LE2T03 | H133: 1 | I133: sys | J133: Cables Multi-Conductor | K133: CABLE, ELECTRICAL, SHIELDED TWISTED PAIR, TIN-COATED SHIELD, 12 AWG
G134: M27500-12LE2T09 | H134: 1 | I134: sys | J134: Cables Multi-Conductor | K134: CABLE, ELECTRICAL, SHIELDED TWISTED PAIR, TIN-COATED SHIELD, 12 AWG
G135: M27500-12RC2U00 | H135: 1 | I135: sys | J135: Cables Multi-Conductor | K135: CABLE, ELECTRICAL, TWISTED PAIR, SILVER-COATED COPPER, 12 AWG
G136: M27500-12RC3U00 | H136: 1 | I136: sys | J136: Cables Multi-Conductor | K136: CABLE, ELECTRICAL, TWISTED TRIPLET, SILVER-COATED COPPER, 12 AWG
G137: M27500-12RE2T03 | H137: 1 | I137: sys | J137: Cables Multi-Conductor | K137: CABLE, ELECTRICAL, SHIELDED TWISTED PAIR, TIN-COATED SHIELD, 12 AWG
G138: M27500-12RE2U00 | H138: 1 | I138: sys | J138: Cables Multi-Conductor | K138: CABLE, ELECTRICAL, TWISTED PAIR, NICKEL-COATED COPPER, 12 AWG
... G141: M27500-16RC2S03 | H141: 1 | I141: sys | J141: Cables Multi-Conductor | K141: CABLE, ELECTRICAL, SHIELDED TWISTED PAIR, SILVER-COATED SHIELD, 16 AWG
G142: M27500-16RC3T03 | H142: 1 | I142: 1 | J142: Cables Multi-Conductor | K142: CABLE, ELECTRICAL, SHIELDED TRIPLET, SILVER-COATED SHIELD, 16 AWG
G143: M27500-16RE2U00 | H143: 1 | I143: sys | J143: Cables Multi-Conductor | K143: CABLE, ELECTRICAL, TWISTED PAIR, NICKEL-COATED COPPER, 16 AWG
G144: M27500-16TE2S03 | H144: 1 | I144: sys | J144: Cables Multi-Conductor | K144: CABLE, ELECTRICAL, SHIELDED TWISTED PAIR, SILVER-COATED SHIELD, 16 AWG
G145: M27500-20RE2T03 | H145: 1 | I145: sys | J145: Cables Multi-Conductor | K145: CABLE, ELECTRICAL, SHIELDED TWISTED PAIR, TIN-COATED SHIELD, 20 AWG
G146: M27500-20RE2U00 | H146: 1 | I146: sys | J146: Cables Multi-Conductor | K146: CABLE, ELECTRICAL, TWISTED PAIR, NICKEL-COATED COPPER, 20 AWG
G147: M27500-20TE2U00 | H147: 1 | I147: sys | J147: Cables Multi-Conductor | K147: CABLE, ELECTRICAL, TWISTED PAIR, NICKEL-COATED COPPER, 20 AWG
G148: M27500-22LE2U00 | H148: 1 | I148: sys | J148: Cables Multi-Conductor | K148: CABLE, ELECTRICAL, TWISTED PAIR, NICKEL-COATED COPPER, 22 AWG
G149: M27500-22RC2U00 | H149: 1 | I149: 1 | J149: Wires-SIMS | K149: CABLE, 2-CONDUCTOR, 22AWG, TWISTED, NO SHIELD
G150: M27500-22SB2T23 | H150: 1 | I150: 1 | J150: Cables Multi-Conductor | K150: CABLE, ELECTRICAL, SHIELDED TWISTED PAIR, TIN-COATED COPPER, 22 AWG
G151: M27500-22SB3T23 | H151: 1 | I151: 1 | J151: Cables Multi-Conductor | K151: CABLE, ELECTRICAL, SHIELDED TRIPLET, TIN-COATED SHIELD, 22 AWG
G152: M27500-22SB4T23 | H152: 1 | I152: 1 | J152: Cables Multi-Conductor | K152: CABLE, ELECTRICAL, SHIELDED QUAD, TIN-COATED SHIELD, 22 AWG
G153: M27500-22SC1T23 | H153: 1 | I153: 1 | J153: Cables | K153: CABLE, ELECTRICAL, SHIELDED WIRE, NICKEL-COATED COPPER, 22 AWG
G154: M27500-22SC2T23 | H154: 1 | I154: 1 | J154: Cables Multi-Conductor | K154: CABLE, ELECTRICAL, SHIELDED TWISTED PAIR XLETFE, NICKEL-COATED COPPER, 22 AWG
G155: M27500-22TE1T14 | H155: 1 | I155: 1 | J155: Cables | K155: CABLE, ELECTRICAL, SHIELDED WIRE, TIN-COATED COPPER, 22 AWG
G156: M27500-22TE2T14 | H156: 1 | I156: 1 | J156: Cables Multi-Conductor | K156: CABLE, ELECTRICAL, SHIELDED TWISTED PAIR ETFE, TIN-COATED COPPER, 22 AWG
G157: M27500-22TE2V64 | H157: 1 | I157: 1 | J157: Cables Multi-Conductor | K157: CABLE, ELECTRICAL, DOUBLE SHIELDED TWISTED PAIR, ETFE, TIN-COATED BRAID, 22 AWG
...
